{
    "b1": {
        "name": "1",
        "Header": "Be Creative, think different.",
        "imgURL": "test",
        "Content": "Who among us does not dream of being an influence on the world around him?  Who among us does not dream of being the creator of this era who is developing his life and the lives of those around him? But what is creativity?  How can the retailer change his life and the whole world?  Creativity is the ability of the individual to see something from a different side from what others see, and the creative person is considered a unique and distinct person from the rest of the individuals, as he thinks and works in a way that distinguishes him from the people around him and finds innovative solutions to the problems around him. That is why we can prove the correctness of the positive relationship between creativity and difference, being almost the same thing.  The greater the difference in the way of thinking \"in the right side\", the greater one's ability to be creative and produce impressive results.  History has given many examples of innovators in various fields over time. Painters such as the artist Leonardo Da Vinci, scholars such as the scientist Isaac Newton, writers Shakespeare, and many other people who have influenced the world in various fields.  And it is certain that their way of thinking was unique and greatly different and unique, as each of them was able to see aspects that no one had seen, and they proved that the difference when directed to meaningful and useful aspects achieves impressive results that change the world.  And now many strive to achieve this difference and become the creators of this era, and there is no stopping you to be one of them as well, so get up and change the way you see things, change your thinking!"
    },

    "b2": {
        "name": "2",
        "Header": "How to be successful?",
        "imgURL": "test",
        "Content": "Lorem ipsum dolor sit amet, consectetur adipiscing elit. Mauris eget tempus mi. Mauris ac metus vel justo suscipit imperdiet ac vel purus. Ut eu purus eget magna tempus scelerisque. Donec a fermentum leo, quis congue ligula. Fusce elementum aliquam nulla, sit amet euismod tortor aliquet a. Cras lobortis arcu a augue aliquam interdum. Cras maximus at nisi quis consectetur. Suspendisse non elit bibendum, imperdiet felis luctus, sollicitudin sem. Quisque nec felis ut nulla scelerisque condimentum. Ut imperdiet, tellus quis tincidunt eleifend, dui orci sodales lorem, vitae fringilla nibh nisi et tortor. Donec eget felis a mauris ornare iaculis."
    },

    "b3": {
        "name": "3",
        "Header": "Header3",
        "imgURL": "test",
        "Content": "Lorem ipsum dolor sit amet, consectetur adipiscing elit. Vestibulum a nulla dui. Nam volutpat mauris at tincidunt efficitur. Fusce ut gravida ipsum, eu venenatis tortor. Etiam ullamcorper leo ante, a eleifend dui porta quis. Aliquam tincidunt maximus risus ut elementum. Maecenas fringilla eu nisl eu dictum. Nullam sit amet lectus dui. In venenatis tortor risus, aliquam eleifend ante laoreet sed. Proin viverra sem enim, vel convallis ipsum semper ac."
    },

    "b4": {
        "name": "4",
        "Header": "Header4",
        "imgURL": "test",
        "Content": "Lorem ipsum dolor sit amet, consectetur adipiscing elit. Morbi vel dignissim nibh. Vestibulum mollis, elit tristique tincidunt mattis, nisl massa accumsan felis, nec pretium ante est ac quam. Etiam viverra et massa sed posuere. Suspendisse sit amet ex in ante auctor mattis ut nec sem. Sed non congue libero. Nulla fringilla tincidunt auctor. Proin sollicitudin mauris ornare sodales cursus. In hac habitasse platea dictumst. Suspendisse pulvinar fringilla nulla, at ornare risus malesuada eu."
    },

    "b5": {
        "name": "5",
        "Header": "Header5",
        "imgURL": "test",
        "Content": "Lorem ipsum dolor sit amet, consectetur adipiscing elit. Morbi vel dignissim nibh. Vestibulum mollis, elit tristique tincidunt mattis, nisl massa accumsan felis, nec pretium ante est ac quam. Etiam viverra et massa sed posuere. Suspendisse sit amet ex in ante auctor mattis ut nec sem. Sed non congue libero. Nulla fringilla tincidunt auctor. Proin sollicitudin mauris ornare sodales cursus. In hac habitasse platea dictumst. Suspendisse pulvinar fringilla nulla, at ornare risus malesuada eu."
    },

    "b6": {
        "name": "6",
        "Header": "Header6",
        "imgURL": "test",
        "Content": "Lorem ipsum dolor sit amet, consectetur adipiscing elit. Morbi vel dignissim nibh. Vestibulum mollis, elit tristique tincidunt mattis, nisl massa accumsan felis, nec pretium ante est ac quam. Etiam viverra et massa sed posuere. Suspendisse sit amet ex in ante auctor mattis ut nec sem. Sed non congue libero. Nulla fringilla tincidunt auctor. Proin sollicitudin mauris ornare sodales cursus. In hac habitasse platea dictumst. Suspendisse pulvinar fringilla nulla, at ornare risus malesuada eu."
    },

    "b7": {
        "name": "7",
        "Header": "Header7",
        "imgURL": "test",
        "Content": "Lorem ipsum dolor sit amet, consectetur adipiscing elit. Morbi vel dignissim nibh. Vestibulum mollis, elit tristique tincidunt mattis, nisl massa accumsan felis, nec pretium ante est ac quam. Etiam viverra et massa sed posuere. Suspendisse sit amet ex in ante auctor mattis ut nec sem. Sed non congue libero. Nulla fringilla tincidunt auctor. Proin sollicitudin mauris ornare sodales cursus. In hac habitasse platea dictumst. Suspendisse pulvinar fringilla nulla, at ornare risus malesuada eu."
    },
    "b8": {
        "name": "8",
        "Header": "Header8",
        "imgURL": "test",
        "Content": "Lorem ipsum dolor sit amet, consectetur adipiscing elit. Morbi vel dignissim nibh. Vestibulum mollis, elit tristique tincidunt mattis, nisl massa accumsan felis, nec pretium ante est ac quam. Etiam viverra et massa sed posuere. Suspendisse sit amet ex in ante auctor mattis ut nec sem. Sed non congue libero. Nulla fringilla tincidunt auctor. Proin sollicitudin mauris ornare sodales cursus. In hac habitasse platea dictumst. Suspendisse pulvinar fringilla nulla, at ornare risus malesuada eu."
    }
    
}