{
    "b1": {
        "name": "1",
        "Header": "Header1",
        "imgURL": "test",
        "Content": "Lorem ipsum dolor sit amet, consectetur adipiscing elit. Cras semper, nunc a dictum viverra, sapien orci pellentesque nibh, at volutpat lacus nunc eget quam. Mauris iaculis libero id massa iaculis, lacinia lacinia ex varius. Vestibulum dapibus accumsan enim sed sagittis. Fusce vitae ultrices enim, quis rhoncus sapien. In nec ullamcorper ex. Cras a maximus metus. Aenean risus leo, egestas vitae nulla nec, rutrum elementum leo. Duis viverra tortor nulla, id accumsan velit tempus vitae. Suspendisse sit amet nisl facilisis, egestas dui quis, dapibus nulla. "
    },

    "b2": {
        "name": "2",
        "Header": "Header2",
        "imgURL": "test",
        "Content": "Lorem ipsum dolor sit amet, consectetur adipiscing elit. Mauris eget tempus mi. Mauris ac metus vel justo suscipit imperdiet ac vel purus. Ut eu purus eget magna tempus scelerisque. Donec a fermentum leo, quis congue ligula. Fusce elementum aliquam nulla, sit amet euismod tortor aliquet a. Cras lobortis arcu a augue aliquam interdum. Cras maximus at nisi quis consectetur. Suspendisse non elit bibendum, imperdiet felis luctus, sollicitudin sem. Quisque nec felis ut nulla scelerisque condimentum. Ut imperdiet, tellus quis tincidunt eleifend, dui orci sodales lorem, vitae fringilla nibh nisi et tortor. Donec eget felis a mauris ornare iaculis."
    },

    "b3": {
        "name": "3",
        "Header": "Header3",
        "imgURL": "test",
        "Content": "Lorem ipsum dolor sit amet, consectetur adipiscing elit. Vestibulum a nulla dui. Nam volutpat mauris at tincidunt efficitur. Fusce ut gravida ipsum, eu venenatis tortor. Etiam ullamcorper leo ante, a eleifend dui porta quis. Aliquam tincidunt maximus risus ut elementum. Maecenas fringilla eu nisl eu dictum. Nullam sit amet lectus dui. In venenatis tortor risus, aliquam eleifend ante laoreet sed. Proin viverra sem enim, vel convallis ipsum semper ac."
    },

    "b4": {
        "name": "4",
        "Header": "Header4",
        "imgURL": "test",
        "Content": "Lorem ipsum dolor sit amet, consectetur adipiscing elit. Morbi vel dignissim nibh. Vestibulum mollis, elit tristique tincidunt mattis, nisl massa accumsan felis, nec pretium ante est ac quam. Etiam viverra et massa sed posuere. Suspendisse sit amet ex in ante auctor mattis ut nec sem. Sed non congue libero. Nulla fringilla tincidunt auctor. Proin sollicitudin mauris ornare sodales cursus. In hac habitasse platea dictumst. Suspendisse pulvinar fringilla nulla, at ornare risus malesuada eu."
    },

    "b5": {
        "name": "5",
        "Header": "Header5",
        "imgURL": "test",
        "Content": "Lorem ipsum dolor sit amet, consectetur adipiscing elit. Morbi vel dignissim nibh. Vestibulum mollis, elit tristique tincidunt mattis, nisl massa accumsan felis, nec pretium ante est ac quam. Etiam viverra et massa sed posuere. Suspendisse sit amet ex in ante auctor mattis ut nec sem. Sed non congue libero. Nulla fringilla tincidunt auctor. Proin sollicitudin mauris ornare sodales cursus. In hac habitasse platea dictumst. Suspendisse pulvinar fringilla nulla, at ornare risus malesuada eu."
    },

    "b6": {
        "name": "6",
        "Header": "Header6",
        "imgURL": "test",
        "Content": "Lorem ipsum dolor sit amet, consectetur adipiscing elit. Morbi vel dignissim nibh. Vestibulum mollis, elit tristique tincidunt mattis, nisl massa accumsan felis, nec pretium ante est ac quam. Etiam viverra et massa sed posuere. Suspendisse sit amet ex in ante auctor mattis ut nec sem. Sed non congue libero. Nulla fringilla tincidunt auctor. Proin sollicitudin mauris ornare sodales cursus. In hac habitasse platea dictumst. Suspendisse pulvinar fringilla nulla, at ornare risus malesuada eu."
    },

    "b7": {
        "name": "7",
        "Header": "Header7",
        "imgURL": "test",
        "Content": "Lorem ipsum dolor sit amet, consectetur adipiscing elit. Morbi vel dignissim nibh. Vestibulum mollis, elit tristique tincidunt mattis, nisl massa accumsan felis, nec pretium ante est ac quam. Etiam viverra et massa sed posuere. Suspendisse sit amet ex in ante auctor mattis ut nec sem. Sed non congue libero. Nulla fringilla tincidunt auctor. Proin sollicitudin mauris ornare sodales cursus. In hac habitasse platea dictumst. Suspendisse pulvinar fringilla nulla, at ornare risus malesuada eu."
    },
    "b8": {
        "name": "8",
        "Header": "Header8",
        "imgURL": "test",
        "Content": "Lorem ipsum dolor sit amet, consectetur adipiscing elit. Morbi vel dignissim nibh. Vestibulum mollis, elit tristique tincidunt mattis, nisl massa accumsan felis, nec pretium ante est ac quam. Etiam viverra et massa sed posuere. Suspendisse sit amet ex in ante auctor mattis ut nec sem. Sed non congue libero. Nulla fringilla tincidunt auctor. Proin sollicitudin mauris ornare sodales cursus. In hac habitasse platea dictumst. Suspendisse pulvinar fringilla nulla, at ornare risus malesuada eu."
    }
    
}